user_input,retrieved_contexts,response,faithfulness,answer_relevancy
how to install vinyl exterior window sill,"['[1] 1. Unscrew and remove the storm window from the outside of the window. 2. Pry off the vinyl siding and J-channel from around the perimeter of the window. 3. Use tin snips to trim off the metal flashing covering the exterior windowsill. 4. Notch the vinyl windowsill with tin snips to fit the existing windowsill. 5. Nail the vinyl windowsill to the old wooden windowsill. 6. Glue a vinyl end cap onto each end of the vinyl windowsill. 7\n\n[2] . 7. Set vinyl casing against vertical side of window and scribe bottom end to match angle of sill. 8. Cut bottom end of casing with aviation snips, then install the casing against the window.\n\n[3] The window will be. mounted with the nailing fin/. exterior trim flush against the. applied backing support. This backing support should be a. non water-degradable, thin (max. 1/8 thick) sheet material such. as vinyl sheeting.\n\n[4] But you can add just a casual look by adding a new window sill/stool. Or get on your Sunday best and some casing around the rest of the window. Or go for the evening gown look and add a cap and crown. It’s all matter of taste. Once you have decided on your final look here are the steps to transform your windows.']","1. Unscrew and remove the storm window from the outside of the window. 
2. Pry off the vinyl siding and J-channel from around the perimeter of the window. 
3. Use tin snips to trim off the metal flashing covering the exterior windowsill. 
4. Notch the vinyl windowsill with tin snips to fit the existing windowsill. 
5. Nail the vinyl windowsill to the old wooden windowsill. 
6. Glue a vinyl end cap onto each end of the vinyl windowsill.",1.0,0.8134375185758355
how to tell if your male coworker is flirting with you,"[""[1] 1 If it always seems your co-worker is staring at you when you see her, that’s a sign. 2  You can usually tell when someone likes you if you catch her staring at you all the time. 3  Use it as an opportunity if you want to go out with her. 4  Your co-worker is flirting with you if her finds any reason to touch you. If she didn’t like you, she probably wouldn’t do this since it is a little obnoxious. 2  Smiling is one of the signs a co-worker is flirting with you\n\n[2] . 2  If the guy you're flirting with seems uncomfortable or suggests that you not continue flirting with him, do so. 3  You don't want to risk losing your job flirting with him, especially when he's not interested.\n\n[3] 1 Avoid physical contact that eludes to sexual activity or can be misconstrued as fondling. 2  If the guy you're flirting with seems uncomfortable or suggests that you not continue flirting with him, do so. 3  You don't want to risk losing your job flirting with him, especially when he's not interested. Avoid physical contact that eludes to sexual activity or can be misconstrued as fondling\n\n[4] . 3  If you notice a co-worker always smiles at you at work when there is no good reason for it, she may like you. 4  You can find out by asking her out if you like her.""]",I don't know based on the provided context.,0.0,0.0
what is different about the hobbit and lord of the rings,"[""[1] Source: Total Film via io9. Peter Jackson on how The Hobbit differs from The Lord of the Rings: JACKSON: The Hobbit is very much a children's book and The Lord of the Rings is something else; it's not really aimed at children at all. I realized the characters of the dwarves are the difference. Their energy and disdain of anything politically correct brings a new kind of spirit to it.\n\n[2] The Hobbit is the prelude to the popular Lord of the Rings series, and is a single novel, while The Lord of the Rings is a lengthy trilogy. The protagonist in The Hobbit is Bilbo Baggins, while The Lord of the Rings focuses mostly on the adventures of Frodo Baggins, Bilbo’s nephew. The plot in The Hobbit revolves around Bilbo Baggins’ journey to the Lonely Mountain with the dwarves, and their battle with Smaug the dragon.\n\n[3] There's just so much depth within the Lord of the Rings, I see something new every time I watch it. Each character is dynamic, wheras in the Hobbit, every dwarf seems to carry the same silly, unintelligent, flat character as another. The Lord of the Rings gave me something different to root for in every character.\n\n[4] B) in a futures contract, the buyer and seller have asymmetric rights, whereas in an options contract,the buyer and seller have symmetric rights. C) in both futures and options contracts, the buyer and seller have symmetric rights.""]","The Hobbit is very much a children's book, while The Lord of the Rings is not aimed at children at all. Additionally, The Hobbit features a simpler plot centered around Bilbo Baggins' journey with the dwarves, whereas The Lord of the Rings has more depth and dynamic characters, offering something different to root for in each character.",0.8571428571428571,0.7100859904501563
bottom round roast how to cook,"['[1] 1 After 3 hours, turn the roast onto one side and cook for 20 minutes. 2  After 20 minutes, turn the roast on the next side and cook 20 minutes, repeat until the roast has the fat side on the bottom again. 3  Cook for about 2 more hours usually 6 hours total. 4  The roast is done when it shreds easily with a fork.\n\n[2] 1 Set crock pot to low and cook for 3 hours. 2  After 3 hours, turn the roast onto one side and cook for 20 minutes. 3  After 20 minutes, turn the roast on the next side and cook 20 minutes, repeat until the roast has the fat side on the bottom again. 4  Cook for about 2 more hours usually 6 hours total.\n\n[3] 1 Place roast on top of onions and carrots, fat side down. 2  Combine mustard, sugar, Worcestershire sauce, beef broth and red wine in a separate bowl and pour over roast. 3  Set crock pot to low and cook for 3 hours. 4  After 3 hours, turn the roast onto one side and cook for 20 minutes.\n\n[4] . Turn your oven up to 350 F. Put in the oven for 1.5 - 3 hours (according to size of roast). Make sure roast is cooked all the way through!']",I don't know based on the provided context.,0.0,0.0
how the blood travels through the heart,"[""[1] Pathway of blood through the heart. 1. Blood enters the right atrium from the superior and inferior venae cavae, and the coronary sinus. 2. From right atrium, it goes through the tricuspid valve to the right ventricle. 3. From the right ventricle, it goes through the pulmonary semilunar valves to. the pulmonary trunk. 4. From the pulmonary trunk it moves into the right and left pulmonary. arteries to the lungs. 5. From the lungs, oxygenated blood is returned to the heart through the\n\n[2] Blood enters the heart through two large veins, the inferior and superior vena cava, emptying oxygen-poor blood from the body into the right atrium of the heart. As the atrium contracts, blood flows from your right atrium into your right ventricle through the open tricuspid valve.\n\n[3] Student will learn the circulatory system's role and purpose. Student will examine anatomy of the heart and the blood vessels. Student will recognize differences and function of arteries versus veins. Student will learn the circuit and travel of blood throughout the circulatory system.\n\n[4] oxygenated, so the blood can then be sent to the rest of the body (after being pumped back through the heart).""]","1. Blood enters the right atrium from the superior and inferior venae cavae, and the coronary sinus. 
2. From the right atrium, it goes through the tricuspid valve to the right ventricle. 
3. From the right ventricle, it goes through the pulmonary semilunar valves to the pulmonary trunk. 
4. From the pulmonary trunk, it moves into the right and left pulmonary arteries to the lungs. 
5. From the lungs, oxygenated blood is returned to the heart.",0.7777777777777778,0.6027154220853962
how to bake pizza rolls,"['[1] 1 Dip the bottom of each roll into cornmeal and place 12 on each baking sheet, cornmeal side down. Sprinkle the tops of the rolls with parmesan cheese.  Bake each batch for 20 minutes or until the sides are lightly browned. Allow to cool for 5 minutes and serve with extra pizza sauce for dipping.\n\n[2] To prevent the filling from making your pizza rolls soggy, brush the tops lightly with 1 teaspoon olive oil each. Using your fingers, push dents into the surface of the dough rectangles to prevent bubbling. See photo above for visual. Spread 1/3 cup pizza sauce on top of each dough rectangle.\n\n[3] 1 Preheat oven to 350°F (177°C). Line two large baking sheets2 with silicone baking mats (preferred for ease) or parchment paper.  Prepare pizza dough through step 7, including letting the two balls of dough rest for 15 minutes. Roll out both dough balls onto a lightly floured surface or directly on silicone baking mats.\n\n[4] . Using a rolling pin, press down on the butter. Roll it out they way you would roll out a pie crust. When the butter is about 1/8 to 1/4-inch thick, lift off the wax paper and peel away the butter (before it gets too soft to peel).']","To bake pizza rolls, dip the bottom of each roll into cornmeal and place them on a baking sheet, cornmeal side down. Sprinkle the tops with parmesan cheese. Bake in a preheated oven at 350°F (177°C) for 20 minutes or until the sides are lightly browned. Allow to cool for 5 minutes before serving with extra pizza sauce for dipping.",1.0,0.9438879184682127
examples of homophone your dictionary,"['[1] noun. The definition of a homophone is one of two or more words that sound the same but that mean different things. An example of a set of homophones is the word beat which could mean something the stroke made on a drum and the word beet which is a red root vegetable.oun. (plural homophones). 1  A word which is pronounced the same as another word but differs in spelling or meaning or origin, for example: carat, caret, carrot, and karat\n\n[2] Full Definition of HOMOPHONE. 1. : one of two or more words pronounced alike but different in meaning or derivation or spelling (as the words to, too, and two).2. : a character or group of characters pronounced the same as another character or group.— ho·moph·o·nous \\hō-ˈmae-ˈmä-fə\\ nəs. adjective one of two or more words pronounced alike but different in meaning or derivation or spelling (as the words to, too, and two).\n\n[3] Noun. (plural homophones). 1  A word which is pronounced the same as another word but differs in spelling or meaning or origin, for example: carat, caret, carrot, and karat. 2  A letter or group of letters which are pronounced the same as another letter or group of letters.oun. (plural homophones). 1  A word which is pronounced the same as another word but differs in spelling or meaning or origin, for example: carat, caret, carrot, and karat\n\n[4] . 2  A letter or group of letters which are pronounced the same as another letter or group of letters.']",I don't know based on the provided context.,0.0,0.0
"what is cloud computing, and how has it impacted the internet?, laudon","['[1] What is cloud computing, and how has it impacted the Internet? Cloud computing refers to a model of computing in which firms and individuals obtain computing power and software applications over the Internet, rather than purchasing the hardware and software and installing it on their own computers. Cloud computing is the fastest growing from of computing\n\n[2] . Cloud computing has impacted the Internet by radically reducing the cost of building and operating Web sites because the necessary hardware infrastructure and software can be licensed as a service from Internet providers at a fraction of the cost of purchasing these services as products.\n\n[3] Cloud computing is one of the fastest growing forms of computing in which the individuals as well as companies obtain their computing power through software applications available on the internet. The following features are some of the reasons for the growth of cloud computing: • For these services it is not necessary to have their own hardware and software in their premises or any powerful computers.\n\n[4] 7373 - Module 01: Questions for exploration and discussion 1. What is e-commerce? How does it differ from e-business? Where does it intersect with e-business? 3. What are some of the unique features of e-commerce technology? 5. What are three benefits of universal standards? 8. What is Web 2.0?']","Cloud computing refers to a model of computing in which firms and individuals obtain computing power and software applications over the Internet, rather than purchasing the hardware and software and installing it on their own computers. It has impacted the Internet by radically reducing the cost of building and operating websites because the necessary hardware infrastructure and software can be licensed as a service from Internet providers at a fraction of the cost of purchasing these services as products.",1.0,0.8435970183317153
does our 21 year son stay on our taxes,"[""[1] But if you claim your son as a dependent on your tax return, your family’s income would have to be no more than 138 percent of poverty in order for him to qualify, says Edwin Park, vice president for health policy at the Center on Budget and Policy Priorities.\n\n[2] This year, parents are eligible to claim a new credit on their taxes for all of their children’s arts-related activities in 2011. Similar to the fitness credit, you can claim up to $500 per child, which can result in a maximum $75 savings.\n\n[3] If you have no tax. Credits, such as the child tax credit or the child and dependent care credit, are used to reduce tax. If your tax on Form 1040, line 47, or Form 1040A, line 30, is zero, do not figure the child tax credit because there is no tax to reduce.\n\n[4] Your employer may also kick in a contribution. If you have an HSA on your own, you still get the tax break; you just claim the contribution as an above the line deduction on your tax return, and your taxable income will be reduced by the amount of your contribution. What's more, just about anyone can contribute to your HSA: spouses, parents, even friends.""]",I don't know based on the provided context.,0.0,0.0
how to use sesame seeds,"[""[1] 1 Add raw sesame seeds to any side dish to add crunch and flavor. 2  For instance, you can add to vegetable or bean dishes. 3  Sesame oil is a great option to try to incorporate in your cooking.4  Like almond milk and hemp milk, you can make your own sesame milk. You can also make a light salad dressing out of tahini. 2  Sesame seeds can also be roasted, crushed and then sprinkled over salads. 3  This will give you more variety and flavor than your typical salad\n\n[2] 1. Toast over the stovetop. If you don't see any dust or small pebbles in your sesame seeds, you can put them directly in a skillet or frying pan. Heat over medium-low heat, stirring occasionally, for two to three minutes or until the seeds turn brown, glisten, and occasionally pop or jump.1  Do not add oil to the skillet.. Toast over the stovetop. If you don't see any dust or small pebbles in your sesame seeds, you can put them directly in a skillet or frying pan\n\n[3] Sesame seeds are tiny, flat oval seeds with a nutty taste and a delicate, almost invisible crunch. They come in a host of different colors, depending upon the variety, including white, yellow, black and red. Sesame seeds are highly valued for their high content of sesame oil, an oil that is very resistant to rancidity.he hulls of sesame seeds contain oxalates. In fact, most of the calcium found in the seed hull comes in the form of calcium oxalate\n\n[4] . 4  Add raw sesame seeds to any side dish to add crunch and flavor.""]","You can use sesame seeds by adding them to side dishes for crunch and flavor, incorporating them into vegetable or bean dishes, roasting or crushing them to sprinkle over salads, or using sesame oil in your cooking. Additionally, you can make your own sesame milk or a light salad dressing out of tahini.",1.0,0.8441951381985033
what is the treatment when asset is discarded as per income tax act,"['[1] For the purposes of Income Tax Act, a previous year is a distinct unit. In case an asset is discarded by the business but not sold, section 43(6) permits the scrap value of the asset to be reduced from the block in the previous year in which such asset is discarded.nder the block concept, all the assets falling within the same class and subject to same rate of depreciation are clubbed together and considered as single asset\n\n[2] . Under the block concept, all the assets falling within the same class and subject to same rate of depreciation are clubbed together and considered as single asset.he assessee is entitled to claim depreciation on the residual value of such discarded asset [ie., Opening WDV of such asset less scrap value] even though such discarded asset is not used for the purposes of business or profession in such year and subsequent years.\n\n[3] Pavan Jain S. Depreciation – a non cash expenditure allowed under Income Tax Act, 1961 following block concept\n\n[4] . Any alterations to the value of the block have to be strictly in accordance with the provisions of Chapter IV D of Income Tax Act, 1961.']","When an asset is discarded by the business but not sold, the scrap value of the asset can be reduced from the block in the previous year in which the asset is discarded. The assessee is entitled to claim depreciation on the residual value of the discarded asset, which is calculated as the opening written down value (WDV) of the asset less the scrap value, even if the discarded asset is not used for business purposes in that year and subsequent years. Any alterations to the value of the block must comply with the provisions of the Income Tax Act.",1.0,0.5902911049431622
best way to soften butter,"['[1] The reason for using softened butter is that you want to beat the butter (also called “creaming the butter”), either with sugar or without, and it’s very hard to beat a cold stick of butter. The best thing to do to soften your butter is to put it out on the kitchen counter for an hour before you have to use it.But sometimes we don’t think that far ahead\n\n[2] . One popular solution is to put the cold butter in the microwave for 10 to 20 seconds.The problem with microwaving butter is that the microwave can heat the butter unevenly, and tends to over-soften or even melt the butter in places. You want pliable butter for beating, not almost melting butter.Here’s a simple trick to soften butter quickly using some wax paper and a rolling pin.ethod. Just put the stick of butter between two large pieces of wax paper\n\n[3] 1. Leave the butter at room temperature. The best way to soften butter is to remove it from the refrigerator about 30 minutes before you need it and let it sit at room temperature. However, you will inevitably forget to do this from time to time.You can speed up the softening process by cutting the butter into chunks.he best way to soften butter is to remove it from the refrigerator about 30 minutes before you need it and let it sit at room temperature\n\n[4] When I lived up north I was able to keep butter on the counter, but in Florida it gets too warm to leave it out. My sister showed me a way to soften a stick of butter in just a few minutes. Take a stick of butter and place it in a ziploc bag.Fill a bowl or container with warm water. Place the butter in the ziploc bag in the warm water.In a few minutes you will have soft butter that is easy to spread or use in a recipe.y sister showed me a way to soften a stick of butter in just a few minutes']",The best way to soften butter is to remove it from the refrigerator about 30 minutes before you need it and let it sit at room temperature.,1.0,0.9289283863466674
"apple, how to authorize a device","['[1] Q: How to list authorized devices. I recently purchased a Iphone 4. When I connected to Itunes and wanted to download an app from the Istore, I got a message that I had already reached five authorized devices. The only function I have found so far is deactivate all!\n\n[2] As soon as you try to do something that requires iTunes authorization, such as enable iTunes Match, a box will pop up asking you to do so. Just enter the Apple ID and password associated with the content you’re trying to access and Apple will automatically authorize iTunes on your PC or Mac. If you’d like to manually authorize iTunes, just go to the Store menu in the OS X menu bar and select Authorize This Computer\n\n[3] Or follow these steps: 1  Open iTunes. 2  If you’re not signed in, sign in with your Apple ID. 3  Mac: From the menu bar at the top of your computer screen, choose Account > View My Account.  Enter your password, then press the Return or Enter key on your keyboard, or click View Account.\n\n[4] Step 1. Locate a site for the dwarf apple tree where it will get at least six hours or more of full sun during the day. The soil will need to drain well, as the apple tree will slowly die in soggy soil.Clear away all the weeds, and mark a circle at least 2 feet wider than the root ball of the tree.tep 3. Set your stake into the hole just off center. It will need to be secured at least a foot into the ground, so pound it in with a sledge hammer']","To authorize a device, open iTunes and sign in with your Apple ID. Then, from the menu bar, choose Store > Authorize This Computer. Alternatively, if you try to do something that requires iTunes authorization, a box will pop up asking you to enter your Apple ID and password, and Apple will automatically authorize iTunes on your PC or Mac.",0.8333333333333334,0.7575429602819242
weather in mount washington nh,"['[1] 6pm:The Mount Washington, NH forecast for Mar 23 is 40 degrees and Sunny. There is 35 percentage chance of rain and 2 mph winds from the West-Southwest. 9pm:The Mount Washington, NH forecast for Mar 23 is 34 degrees and Clear. There is 42 percentage chance of rain and 3 mph winds from the East-Southeast.\n\n[2] 0am:The Mount Washington, NH forecast for Mar 23 is 21 degrees and Partly cloudy. There is 53 percentage chance of rain and 7 mph winds from the North-Northwest. 3am:The Mount Washington, NH forecast for Mar 23 is 20 degrees and Overcast. There is 57 percentage chance of rain and 6 mph winds from the Northwest.\n\n[3] Mount Washington Weather Forecast for Thursday, March 23. The Mount Washington, NH forecast for Mar 23 is 32 degrees and Sunny . There is 40 percentage chance of rain and 4 mph winds from the North-Northwest.\n\n[4] . The hotter the air, the more water vapor it can hold.']",I don't know based on the provided context.,0.0,0.0
what are futures contracts and forward contracts? describe two differences between them.,"['[1] A forward contract is an agreement between two parties to buy or sell an asset at an agreed future point in time. The trade date and delivery date are separated. A futures contract is a standardized forward contract that is traded on an exchange, like SAFEX. Other than forward contracts, futures contracts are not linked with specific buyers.\n\n[2] For forward contracts, settlement of the contract occurs at the end of the contract. Futures contracts are marked-to-market daily, which means that daily changes are settled day by day until the end of the contract. Furthermore, settlement for futures contracts can occur over a range of dates.\n\n[3] B) in a futures contract, the buyer and seller have asymmetric rights, whereas in an options contract,the buyer and seller have symmetric rights. C) in both futures and options contracts, the buyer and seller have symmetric rights.\n\n[4] 7373 - Module 01: Questions for exploration and discussion 1. What is e-commerce? How does it differ from e-business? Where does it intersect with e-business? 3. What are some of the unique features of e-commerce technology? 5. What are three benefits of universal standards? 8. What is Web 2.0?']","Futures contracts are standardized forward contracts that are traded on an exchange, while forward contracts are agreements between two parties to buy or sell an asset at an agreed future point in time, with the trade date and delivery date being separated.

Two differences between them are:
1. Settlement: Forward contracts settle at the end of the contract, whereas futures contracts are marked-to-market daily, meaning daily changes are settled day by day until the end of the contract.
2. Standardization: Futures contracts are standardized and traded on exchanges, while forward contracts are not linked with specific buyers and can be customized between the parties involved.",0.8181818181818182,0.8580781401914992
how to make a flatten turkey recipe,"['[1] 2. Open up the turkey and use the tip of a knife to score alongside the keel bone (the dark oblong bone in the middle of the breast). This makes it easier to flatten the bird. 3. Turn the turkey skin side up and press down strongly with the heel of your hand on the center of the breast.You should hear a crack and feel the bones give way. 1. Cut legs from body at point where thigh meets breast.2. Cut through leg joint to separate drumstick from thigh.3.\n\n[2] Introduction. Glistening skin and juicy meat come easily to a spatchcocked turkey. All you do is cut out the backbone, press the turkey to flatten, and brush with a mix of olive oil, salt, and pepper. spatchcocked turkey requires a slightly different carving technique than a bird cooked the traditional way, but the basic approach remains the same: Remove the legs and wings, and then slice the breast meat.\n\n[3] . Turn the turkey skin side up and press down strongly with the heel of your hand on the center of the breast. You should hear a crack and feel the bones give way. 1. Cut legs from body at point where thigh meets breast. 2. Cut through leg joint to separate drumstick from thigh. 3.\n\n[4] 8 Let Turkey Rest, Then Carve. Once you remove the turkey from the oven, transfer it to a cutting board, tent it with aluminum foil to keep it warm, and let it rest for 15-30 minutes, depending on the size of the turkey. Turn the turkey breast side up to carve it. (See Alton Brown video on how to carve a turkey .). Let Turkey Rest, Then Carve']","To make a flattened turkey (spatchcocked turkey), follow these steps:

1. Cut out the backbone of the turkey.
2. Open up the turkey and use the tip of a knife to score alongside the keel bone.
3. Turn the turkey skin side up and press down strongly with the heel of your hand on the center of the breast until you hear a crack and feel the bones give way.
4. Brush the flattened turkey with a mix of olive oil, salt, and pepper.
5. Let the turkey rest after cooking before carving.",1.0,0.669546235994874
what is the difference between sms and mms,"['[1] SMS only allows you to send text. MMS allows you to send pictures, sounds, videos, text, or any combination of the four.MMS message can carry a larger size of content up to 300KB in extensions of WAV, JPEG, Gif etc. You can find more information about it on the link below.MS only allows you to send text. MMS allows you to send pictures, sounds, videos, text, or any combination of the four.\n\n[2] SMS vs MMS. SMS or short messaging service/texting was the first premium service offered by mobile companies apart from making phone calls. It is necessarily restricted to sending text-only messages from one mobile phone to another via the service provider’s special service offered for SMS.MS vs MMS. SMS or short messaging service/texting was the first premium service offered by mobile companies apart from making phone calls\n\n[3] SMS stands for Short Message Service and is also commonly referred to as a text message. With a SMS, you can send a message of up to 160 characters to another device. Longer messages will automatically be split up into several parts.Most cell phones support this type of text messaging.MMS: MMS stands for Multimedia Messaging Service and this type of text messaging is an evolution of the SMS.With a MMS, you can send a message including pictures, video, or audio content to another device\n\n[4] . It is most commonly used to send a photo taken with a camera phone to another phone.ith a SMS, you can send a message of up to 160 characters to another device. Longer messages will automatically be split up into several parts. Most cell phones support this type of text messaging. MMS: MMS stands for Multimedia Messaging Service and this type of text messaging is an evolution of the SMS.']","The difference between SMS and MMS is that SMS (Short Message Service) allows you to send text-only messages of up to 160 characters, while MMS (Multimedia Messaging Service) allows you to send pictures, sounds, videos, text, or any combination of these, with a larger content size limit of up to 300KB.",1.0,0.9364111726491314
dog breed canary islands,"[""[1] Origin and History: Perro de Presa Canario, better known as the Canary Island fighting dog, was originally developed in the Spanish Canary Islands in the mid- 1800's. The breed was developed from a cross between indigenous herding dogs on that island and the English mastiff and English bulldog.hree-year old Bane, a reproductively intact male, weighed about 125 pounds and had been with Noel and Knoller in their small San Francisco apartment for about 4 months\n\n[2] . Pictured above is a specimen of the breed to which Bane and Hera belonged: the Presa Canario Dog, also know as the Canary Island Fighting Dog.\n\n[3] The Perro de Presa Canario is also known as the Canary Dog of Prey because he comes from the Canary Islands, located in the Atlantic Ocean off the coast of Africa. The Presa Canario is not an appropriate choice for an inexperienced dog owner.he History of the Perro de Presa Canario. The Presa Canario is thought to date to the 15 th and 16 th centuries, perhaps descended from mastiff-type dogs brought to the Canary Islands by Spanish conquistadores.\n\n[4] The Perro de Presa Canario is a mastiff breed from the Canary Islands. He is a complex, powerful dog with special needs when it comes to ownership. The Presa is used as a “catch dog,” driving cattle and hogs and running off or killing strange dogs.he History of the Perro de Presa Canario. The Presa Canario is thought to date to the 15 th and 16 th centuries, perhaps descended from mastiff-type dogs brought to the Canary Islands by Spanish conquistadores.""]","The dog breed from the Canary Islands is the Perro de Presa Canario, also known as the Canary Island fighting dog.",1.0,0.8090708626048567
what is the difference between sorbet and gelato,"[""[1] Sorbet has just two main ingredients: fruit and sugar. There may also be some water, flavorings, or acid added to it, but it's essentially blended fruit that's churned and then frozen. No dairy is added to sorbet, which is how it is different from ice cream. Learn how to make it: How To Make Sorbet With Any Fruit.\n\n[2] Sherbet: Fruit and Cream. Sherbet is sorbet's creamier cousin. A little cream, milk, egg whites, gelatin, or even buttermilk is added to a sorbet mixture, and the result is a frozen dessert that's richer than sorbet but still lighter than ice cream. It's Sherbet, Not Sherbert. Let's get something straight here.\n\n[3] Gelato, Italy's low fat version of ice cream, has become popular with American ice cream lovers because it contains fewer calories than traditional ice cream. Gelato, made with skimmed milk and slightly less sugar than ice cream, contains a minimum of 4 percent milk fat and is flavored with fruits, nuts and chocolate. Gelato is also served at a warmer temperature than ice cream, making the flavors easier to taste.\n\n[4] Tartrate vs Succinate. The key difference between tartrate and succinate is that succinate is derived from the succinic acid and tartrate is derived from the tartaric acid. These two chemical substances are widely used in the beverage industry and drug manufacturing.Succinic acid is ethan-1,2-dicarboxylic acid. Succinate form of metoprolol is an extended release drug and it plays its role in the circulatory system for 24 hours""]","Sorbet has just two main ingredients: fruit and sugar, with no dairy added, making it a non-dairy frozen dessert. In contrast, gelato is made with skimmed milk, contains a minimum of 4 percent milk fat, and is flavored with fruits, nuts, and chocolate. Gelato is also served at a warmer temperature than ice cream, which enhances the flavors.",0.875,0.8670601840194849
is dog lymes blood test accurate,"['[1] Guide. A Lyme disease test detects antibodies to the Lyme disease bacteria Borrelia burgdorferi in the blood. Lyme disease bacteria are spread by certain kinds of ticks. Lyme disease can be hard to diagnose because its symptoms are similar to those of many other illnesses.\n\n[2] A blood test for antibodies to the bacteria is the preferred test for the diagnosis of Lyme disease. However, if a person has central nervous system symptoms, such as meningitis, then IgM, IgG, and western blot testing may sometimes be performed on cerebrospinal fluid (CSF) .\n\n[3] Lyme Disease Causes, Symptoms, and Tests. The cause of Lyme disease is the bacteria Borrelia burgdorferi sensu lato, with B. burgdorferi sensu stricto responsible for infections in North America. The infection is transmitted by tick bite with some dogs developing the Lyme disease rash, although not all do.\n\n[4] . The results are usually reported as nanograms of PSA per milliliter (ng/mL) of blood.The blood level of PSA is often elevated in men with prostate cancer, and the PSA test was originally approved by the FDA in 1986 to monitor the progression of prostate cancer in men who had already been diagnosed with the disease.he PSA test measures the level of PSA in a man’s blood. For this test, a blood sample is sent to a laboratory for analysis']",I don't know based on the provided context.,0.0,0.0
"in word, how do i remove a row","['[1] . This tutorial explains how to delete a row from a table in your Microsoft Word documents.You can either delete the content of a row, but keep the structural row inside the table, or delete the row and its content: this tutorial will show you how to both delete the content of rows, and how to delete rows themselves.elete a row from a table in Word 2007. If you want to remove both the row and its content, you can use the keyboard shortcut described above: select the row, and hit. .\n\n[2] Delete a row from a table in Word 2007. If you want to remove both the row and its content, you can use the keyboard shortcut described above: select the row, and hit. .But we will also show you another way to remove a row from a table, easier to remember: Right-click in a cell inside the row you would like to delete.From the context menu that opens, choose Delete Cells, and the Delete Cells dialog box will open\n\n[3] . By default, Shift cells left is selected, so you first need to choose the  Delete entire row  option-then hit. (or click OK).elete a row from a table in Word 2007. If you want to remove both the row and its content, you can use the keyboard shortcut described above: select the row, and hit. .\n\n[4] Delete a row from a table in Microsoft Word 2007. Just as you can insert new rows and columns in pre-existing tables in Word 2007, you can delete rows and columns, whether they contain any data or not']","To remove a row in Word, you can either use a keyboard shortcut by selecting the row and hitting the appropriate keys, or you can right-click in a cell inside the row you want to delete, choose ""Delete Cells"" from the context menu, and then select the ""Delete entire row"" option in the dialog box that opens.",1.0,0.8639228069989343
briefly explain how muscles produce movement,"['[1] 1 Skeletal muscles — These muscles contract to pull on tendons and move the bones of the skeleton. 2  In addition to producing skeletal movement, muscles also maintain posture and body position, support soft tissues, guard entrances and exits to the digestive and urinary tracts, and maintain body temperature. Skeletal muscles — These muscles contract to pull on tendons and move the bones of the skeleton\n\n[2] . 2  In addition to producing skeletal movement, muscles also maintain posture and body position, support soft tissues, guard entrances and exits to the digestive and urinary tracts, and maintain body temperature.\n\n[3] Muscular system is the system of Human Body that provides motor power for all movements of body parts. Muscular system is composed of special tissue called muscular tissue. Muscles have the ability to contract actvely to provide the force for movements of body parts.uscular system has the following important functions in human body; 1  MOVEMENTS OF BODY PARTS: Skeletal muscles are responsible for all voluntary movements of human body parts.\n\n[4] . Skeletal muscles are the only voluntary muscle tissue in the human body and control every action that a person consciously performs.']","Muscles produce movement by contracting to pull on tendons, which in turn move the bones of the skeleton. This contraction generates the force necessary for voluntary movements of body parts.",0.6666666666666666,0.7728368013693685
how to lose weight and stay motivated,"[""[1] Write down your diet and workout goals to come face to face with the hard work you've put forth. It'll feel really, really satisfying. 1  Your daily weight can fluctuate due to water retention. 2  Instead of basing your progress on daily weigh-ins, pick a set day and time each week to log your weight.unning 3 miles (4.8 km) a day to stay in shape and lose weight is a great idea. It will be effective and get the job done. Until you get bored out of your mind and stop\n\n[2] As you know, motivation is the key to my program, and it's crucial to any successful weight-loss effort. When one teammate was feeling down about feeling motivated, another member was there to rev her up. Here's her advice on how to stay motivated: Life does happen.Have a heart to heart with yourself.he online Community Groups are the heart and soul of JillianMichaels.com\n\n[3] Reassess your diet plan. As you diet and lose weight, your body gets used to your new habits and needs fewer calories with each pound you lose. You'll notice that that 1700-calorie diet you're on just isn't giving you the results you once had.unning 3 miles (4.8 km) a day to stay in shape and lose weight is a great idea. It will be effective and get the job done. Until you get bored out of your mind and stop. Do yourself a favor and switch up your routine\n\n[4] . Ours is a fun, vibrant, and welcoming community, where we tell it like it is and share the ups and downs of losing weight and keeping fit.""]","To lose weight and stay motivated, you can follow these tips: 

1. Write down your diet and workout goals to acknowledge the hard work you've put in, which can be very satisfying.
2. Instead of daily weigh-ins, choose a specific day and time each week to log your weight to track progress more effectively.
3. Incorporate regular exercise, such as running 3 miles a day, but be mindful of potential boredom; consider switching up your routine to keep it interesting.
4. Stay motivated by connecting with others in a supportive community, sharing experiences, and encouraging each other.
5. Reassess your diet plan regularly, as your body may require fewer calories as you lose weight, and adjust your intake accordingly.",1.0,0.8133362968898284
how to make brussel sprouts in oven,"['[1] Directions. Preheat oven to 400 degrees F. Cut off the brown ends of the Brussels sprouts and pull off any yellow outer leaves. Mix them in a bowl with the olive oil, salt and pepper.Pour them on a sheet pan and roast for 35 to 40 minutes, until crisp on the outside and tender on the inside.Shake the pan from time to time to brown the sprouts evenly. Sprinkle with more kosher salt (I like these salty like French fries), and serve immediately.irections. Preheat oven to 400 degrees F\n\n[2] 1 Line a baking sheet with aluminum foil. 2  In a large bowl, toss brussels sprouts with 2 tablespoons olive oil, kosher salt and pepper. 3  Transfer the brussels sprouts to baking sheet and roast, stirring occasionally to ensure even browning, until tender and caramelized, about 20 minutes.4  Place brussels sprouts back in bowl. In a large bowl, toss brussels sprouts with 2 tablespoons olive oil, kosher salt and pepper\n\n[3] . Preheat oven to 400 degrees F. Cut off the brown ends of the Brussels sprouts and pull off any yellow outer leaves. Mix them in a bowl with the olive oil, salt and pepper.\n\n[4] Ready In. 1  Preheat oven to 400 degrees F (205 degrees C). 2  Place trimmed Brussels sprouts, olive oil, kosher salt, and pepper in a large resealable plastic bag. 3  Roast in the preheated oven for 30 to 45 minutes, shaking pan every 5 to 7 minutes for even browning.eady In. 1  Preheat oven to 400 degrees F (205 degrees C). 2  Place trimmed Brussels sprouts, olive oil, kosher salt, and pepper in a large resealable plastic bag']","1. Preheat the oven to 400 degrees F (205 degrees C).
2. Cut off the brown ends of the Brussels sprouts and pull off any yellow outer leaves.
3. In a bowl, mix the Brussels sprouts with olive oil, kosher salt, and pepper.
4. Transfer the Brussels sprouts to a baking sheet.
5. Roast in the preheated oven for 30 to 45 minutes, shaking the pan every 5 to 7 minutes for even browning, until they are tender and caramelized. 
6. Serve immediately.",1.0,0.7443786748684901
what is the difference between gas and oil?,"['[1] 2.Oil is found only in the ground, whereas gas can also be produced by decaying organic matter. 3.Oil and gas are both used for heating, transportation, and electricity generation, but in slightly different ways. 4.Gas is better overall for the environment than oil, especially in terms of greenhouse gas emissions.\n\n[2] While the price of natural gas has remained relatively stable in the last few years, oil prices have been high and rising thanks in large part to continued unrest in Middle Eastern oil producing countries. Just two years ago the average winter home oil heating bill was $1,752.\n\n[3] Fact: Heating oil systems have a longer life. The average life expectancy of an oil heat appliance is 30 or more years if they are properly maintained. The average life expectancy of a natural gas furnace is only 11-14 years. And, the efficiency ratings of new heating oil systems range from 83% to 95%.\n\n[4] . In a large skillet heat olive oil over medium-high heat.']","Gas can be produced by decaying organic matter, while oil is found only in the ground. Both are used for heating, transportation, and electricity generation, but in slightly different ways. Additionally, gas is better for the environment than oil, particularly regarding greenhouse gas emissions.",1.0,0.7110128328344926
how to steam or boil a lobster,"[""[1] To steam live lobster: Fill pot so that water comes up sides about two inches. Add 2 tablespoons of salt for each quart of water. If you have sea salt-even better. Bring the water to a rolling boil, add seaweed to keep the lobsters out of the water, and put in lobsters, one at a time. I prefer to use seaweed to a steam rack, (Feel free to use a steaming rack to place the lobsters on or just add directly to the pot.) Bring water to a rolling boil over high heat.\n\n[2] Place lobsters in the pot (head first), cover tightly, return to a boil as quickly as possible and start counting the time. Steam a lobster for 8 minutes per pound, for the first pound. Add 3 minutes per pound for each additional pound thereafter. See chart below for approximate cooking times. Regulate the heat if the froth starts to bubble over.\n\n[3] First consider the size of your pot for boiling the lobsters. An 8-quart pot will easily take one lobster, a 16-quart pot, 2 or 3 lobsters. If you are cooking a lot of lobsters you'll either need to cook them in stages or have more than one pot of water boiling. 1 Fill a large pot 3/4 full of water.\n\n[4] To boil beets, submerge them in boiling water until they are tender. You can cut the beets first or leave them whole to boil. In order to steam beets, cut them into 1/2-inch pieces and place them in a steamer basket with 2 inches of boiling water and cover. Cook them until they are tender. For sautéed beets, slice or dice beets and sauté in a pan with oil until beets are tender. Season to taste.""]","To steam a lobster: Fill a pot with water so that it comes up the sides about two inches and add 2 tablespoons of salt for each quart of water. Bring the water to a rolling boil, add seaweed to keep the lobsters out of the water, and place the lobsters in head first. Cover tightly, return to a boil quickly, and steam for 8 minutes per pound for the first pound, adding 3 minutes for each additional pound.

To boil a lobster: Use a large pot filled 3/4 full of water, bring it to a rolling boil, and then add the lobsters. Cover and cook until done, following the same timing as for steaming.",0.9285714285714286,0.9031873299795672
how to soften sugar,"['[1] A. Granulated sugar will harden when exposed to any type of moisture. Here is an easy way to make hardened granulated sugar soft again -- Preheat oven to lowest temperature, 150-200 degrees. Remove sugar from the package and put in an ovenproof container that will hold the sugar. Place in the warm oven for approximately 15 minutes. Tap sugar with a spoon. If it starts to fall apart, turn oven off and leave sugar in the oven for an hour or two to completely dry out\n\n[2] How to keep it soft. The most efficient way to keep brown sugar soft is to keep it sealed in an airtight container. The trick is to limit the amount of air exposure as much as possible. Pack the sugar into the smallest container possible so that there is hardly any air space between the sugar and the lid.\n\n[3] 3-Place brown sugar in a plastic container with a small piece of plastic wrap or foil over the sugar. Put a damp paper towel or napkin on top of the plastic/foil. Cover tightly. Remove damp paper towel in a couple of days.\n\n[4] The reason for using softened butter is that you want to beat the butter (also called “creaming the butter”), either with sugar or without, and it’s very hard to beat a cold stick of butter. The best thing to do to soften your butter is to put it out on the kitchen counter for an hour before you have to use it.But sometimes we don’t think that far ahead']","To soften hardened granulated sugar, preheat the oven to the lowest temperature (150-200 degrees), remove the sugar from the package, and place it in an ovenproof container. Put the container in the warm oven for approximately 15 minutes. Tap the sugar with a spoon; if it starts to fall apart, turn off the oven and leave the sugar inside for an hour or two to completely dry out.",1.0,0.8286595710816546
how to cure tapeworm in cats,"[""[1] There are two types of tapeworm that commonly infect the cat, and these tapeworms have different intermediate hosts. Dipylidium caninum (the most common cat tapeworm) uses fleas as its go-between. 1  Cats with fleas are likely to develop tapeworm as immature fleas feed on tapeworm eggs in cat feces.\n\n[2] Tapeworms. Dipylidium Caninum are the most common type of tapeworm found in cats. They are light in colur,flat and have different segments. Tapeworm is transmitted when a cat who has fleas swallows a flea that is carrying a tapeworm. The tapeworm is released once the flea is broken down inside the cat.\n\n[3] Know that a cat with a flea infestation is highly likely to have tapeworms. There are two types of tapeworm that commonly infect the cat, and these tapeworms have different intermediate hosts. Dipylidium caninum (the most common cat tapeworm) uses fleas as its go-between.\n\n[4] . 2  If these breaths do not go in, inspect the airway by looking into your dog's mouth. 3  Look down her throat for a foreign object blocking the airway. 4  If you see one, reach in and remove it.""]",I don't know based on the provided context.,0.0,0.0
how to poach an egg using a poachpod,"[""[1] . The PoachPod® allows you to float and poach an egg in boiling water like a lily pad on a pond.\n\n[2] The PoachPod® is a flexible silicone cooking tool for poaching eggs, baking and molding. The PoachPod® allows you to float and poach an egg in boiling water like a lily pad on a pond.When the egg is ready, flip the nonstick pod inside out and gently push the perfectly domed shaped egg out. Place the pod in the dishwasher for easy clean up.he PoachPod® is a flexible silicone cooking tool for poaching eggs, baking and molding\n\n[3] . Remove the lid and use a large slotted spoon or tongs to lift the poaching pod out of the hot water.Flip the poaching pod upside down over a plate and gently press on the bottom to release your poached egg onto the plate.nstructions. Bring a large pot of water to a boil. Crack an egg and gently slide the egg into your silicone poaching pod, being careful not to break the egg's yolk.\n\n[4] Instructions. Bring a large pot of water to a boil. Crack an egg and gently slide the egg into your silicone poaching pod, being careful not to break the egg's yolk.Carefully float the poaching pod in the boiling water, making sure the pod stays upright and no water gets into the pod.Cover the pot with the lid and let the egg cook for six minutes""]","1. Bring a large pot of water to a boil.
2. Crack an egg and gently slide it into your silicone poaching pod, being careful not to break the yolk.
3. Carefully float the poaching pod in the boiling water, ensuring it stays upright and no water gets into the pod.
4. Cover the pot with a lid and let the egg cook for six minutes.
5. Remove the lid and use a large slotted spoon or tongs to lift the poaching pod out of the hot water.
6. Flip the poaching pod upside down over a plate and gently press on the bottom to release your poached egg onto the plate.",1.0,0.8325075737477595
how to attach multiple picture frames together,"['[1] Screw the frame to the backer board. Repeat with each frame. Save time by having the pictures all ready in the frames. You can always unscrew them at a later date to change the picture if you want. Attach a hanging wire to the back, hang it up and step back and enjoy the results.ut two frames together back to back, and mark the hinge placement. The placement must be the same distance from the bottom edges of each frame to ensure that the grouped pictures stand securely on the table top\n\n[2] . Attach two small hinges to the connecting sides of the frames.ut two frames together back to back, and mark the hinge placement. The placement must be the same distance from the bottom edges of each frame to ensure that the grouped pictures stand securely on the table top. Attach two small hinges to the connecting sides of the frames.\n\n[3] Table-stand Grouping. Select two or three frames of the same wood molding. For joining two together, use identical frames. For joining three together, choose either three of the same or one which is larger to be the middle frame. Lay them beside each other to see if you like the effect.Put two frames together back to back, and mark the hinge placement.The placement must be the same distance from the bottom edges of each frame to ensure that the grouped pictures stand securely on the table top\n\n[4] . Attach two small hinges to the connecting sides of the frames.']","To attach multiple picture frames together, follow these steps:

1. Select two or three frames of the same wood molding. For joining two together, use identical frames. For joining three together, choose either three of the same or one larger frame to be the middle frame.
2. Lay the frames beside each other to see if you like the effect.
3. Put two frames together back to back and mark the hinge placement. Ensure that the placement is the same distance from the bottom edges of each frame to ensure stability.
4. Attach two small hinges to the connecting sides of the frames.",1.0,0.9446946462567172
how to make chicken afritada,"['[1] Chicken Afritada Cooking Instructions: In a cooking pot or wok, heat oil. Saut garlic and onions. Add chicken/pork and slightly brown. Pour the tomato sauce and stock. Bring to a boil and allow to simmer for 20 minutes or until the chicken is almost cooked. Add potatoes and continue to cook for 10 minutes or until the potatoes are cooked. Add the green and red bell peppers, simmer for an additional minute or two. Salt and pepper to taste. Serve this dish hot with steamed rice.\n\n[2] {{model.addEditText}} Print. 1  Prep. 2  Cook. 3  Ready In.  Combine onions, ham hocks, and garlic in a stockpot; add chicken 1  broth. Stir collard greens, vinegar, sugar, salt, and pepper into the broth mixture; cook until greens have reached desired tenderness, about 2 more hours.\n\n[3] 1 Heat gas or charcoal grill. In small bowl, combine honey, soy sauce and garlic; blend well with wire whisk. Set aside. Brush chicken thighs with oil; sprinkle with salt and pepper. 2 When grill is heated, place chicken on gas grill over medium heat or on charcoal grill 4 to 6 inches from medium coals. Cook covered 8 to 12 minutes or until juice is clear when center of thickest part is cut (180°F), turning once and brushing with honey mixture during last 2 minutes of cooking time\n\n[4] 1 Bring to a boil. 2  Simmer for 40 to 60 minutes. 3  Stir-in the potatoes. 4  Cook for 8 minutes. 5  Add the bell peppers and green peas. 6  Stir and cook for 2 to 3 minutes. 7  Sprinkle salt and pepper to taste. 8  Transfer to a serving plate. 9  Serve with warm rice.']","In a cooking pot or wok, heat oil. Sauté garlic and onions. Add chicken and slightly brown. Pour the tomato sauce and stock. Bring to a boil and allow to simmer for 20 minutes or until the chicken is almost cooked. Add potatoes and continue to cook for 10 minutes or until the potatoes are cooked. Add the green and red bell peppers, simmer for an additional minute or two. Salt and pepper to taste. Serve this dish hot with steamed rice.",1.0,0.541163590846819
what do the cardiovascular system and the digestive system work together,"['[1] . The circulatory system and the digestion system wrk together by....\n\n[2] The respiratory and Digestion system work together by..... The respiratory system and the circulatory system work together by.... The circulatory system and the digestion system wrk together by....all the systams work together by... the circulatory system is the transportation of the blood throughout your bodyy.he respiratory and Digestion system work together by..... The respiratory system and the circulatory system work together by...\n\n[3] The digestive system work with the circulatory system by immediatly in the small intestine absorb the nutrients from our food and to put them to use but this is after the nutrients are broken down further by the liver (via the heptic portal) which is the first port of call for nutrients absorbed from the intestine.he main way in which the respiratory and the circulatory system work together is that the heart send blood to the lungs, which is then oxygenated, so the blood can then be sent to the\n\n[4] The main way in which the respiratory and the circulatory system work together is that the heart send blood to the lungs, which is then oxygenated, so the blood can then be sent to the rest of the body (after being pumped back through the heart).he main way in which the respiratory and the circulatory system work together is that the heart send blood to the lungs, which is then oxygenated, so the blood can then be sent to the rest of the body (after being pumped back through the heart).']",The cardiovascular system and the digestive system work together by the circulatory system transporting the nutrients absorbed from food in the small intestine to the rest of the body after they are broken down by the liver.,1.0,0.915094352151785
how to build a custom exhaust system,"[""[1] This article will show you how to build a custom exhaust system from the headers to the tail pipe. We will use two small mufflers on each side to improve the appearance and flow characteristics and three inch diameter exhaust pipe.1. The first thing to look at is the angle of the header collector flanges.In this case, the passenger side is pointing inward and slightly down, and the driver side is pointing almost straight back and down\n\n[2] . As no 3” pre-fabricated system is made for this car, we will have to build our own. The Muffler. The key part of your exhaust system is the muffler.\n\n[3] . Hopefully this guide gives you some insight into how to build your own exhaust system.It's a pretty basic instruction set, but with so many different exhaust setups and requirements, we figured the write up would have to be.he downpipe connects to either the turbo exhaust turbine or to the turbo o2 housing. Hopefully this guide gives you some insight into how to build your own exhaust system\n\n[4] Follow us in this article’s pictorial section on how we get a 3” all stainless steel system built for a 520 whp turbo powered Sentra SE-R. As no 3” pre-fabricated system is made for this car, we will have to build our own. The Muffler. The key part of your exhaust system is the muffler.ollow us in this article’s pictorial section on how we get a 3” all stainless steel system built for a 520 whp turbo powered Sentra SE-R""]","To build a custom exhaust system, follow these steps:

1. Assess the angle of the header collector flanges. For example, the passenger side may point inward and slightly down, while the driver side points almost straight back and down.
2. Since no pre-fabricated 3” system is available for your car, you will need to build your own.
3. Choose the key components, including the muffler, which is essential for your exhaust system.
4. Use a 3-inch diameter exhaust pipe and consider using two small mufflers on each side to improve appearance and flow characteristics.
5. Follow a pictorial guide or detailed instructions specific to your vehicle, such as building a 3” all stainless steel system for a turbo-powered car.

This guide provides basic instructions, but be aware that different setups may have unique requirements.",1.0,0.8925088039646959
what are 15 different plant-derived materials other than food that you can find in our home,"['[1] Collodial Minerals: Facts and Myths Colloidal Minerals. You must give your body all the raw materials it requires to maintain and renew itself in order to achieve a healthful life. The raw materials so vital to your health can be challenging to find.\n\n[2] Pulses include beans, lentils and peas. They are a cheap, low-fat source of protein, fibre, vitamins and minerals, and they count towards your recommended five daily portions of fruit and vegetables. A pulse is an edible seed that grows in a pod.Pulses include all beans, peas and lentils, such as: 1  baked beans. 2  red, green, yellow and brown lentils.3  chickpeas (chana or garbanzo beans). 4  garden peas. 5  black-eyed peas. 6  runner beans. pulse is an edible seed that grows in a pod\n\n[3] 1 Add raw sesame seeds to any side dish to add crunch and flavor. 2  For instance, you can add to vegetable or bean dishes. 3  Sesame oil is a great option to try to incorporate in your cooking.4  Like almond milk and hemp milk, you can make your own sesame milk. You can also make a light salad dressing out of tahini. 2  Sesame seeds can also be roasted, crushed and then sprinkled over salads. 3  This will give you more variety and flavor than your typical salad\n\n[4] . pulse is an edible seed that grows in a pod. Pulses include all beans, peas and lentils, such as: 1  baked beans. 2  red, green, yellow and brown lentils. 3  chickpeas (chana or garbanzo beans). 4  garden peas.']",I don't know based on the provided context.,0.0,0.0
university of rhode island lamar odom,"['[1] Even when Lamar was in school, (Cochran) was trying to make contact with him. Sun: After Odom left Las Vegas and enrolled at Rhode Island in 1998, you provided money for airfare and a hotel stay in Las Vegas.\n\n[2] Lamar Joseph Odom is an American retired professional basketball player. As a member of the Los Angeles Lakers in the National Basketball Association, he won NBA championships in 2009 and 2010 and was named the NBA Sixth Man of the Year in 2011. As a high school player, Odom received national player of the year honors from Parade in 1997. He played college basketball for the University of Rhode Island, earning all-conference honors in his only season in the Atlantic 10 Conference\n\n[3] Lamar Odom. Lamar Joseph Odom (born November 6, 1979) is an American retired professional basketball player. As a member of the Los Angeles Lakers in the National Basketball Association (NBA), he won NBA championships in 2009 and 2010 and was named the NBA Sixth Man of the Year in 2011.\n\n[4] . He was drafted']","Lamar Odom played college basketball for the University of Rhode Island, earning all-conference honors in his only season in the Atlantic 10 Conference.",1.0,0.6103536521010621
the benefits of msm powder,"['[1] MSM benefits the body by helping to get oxygen into the blood a lot more efficiently with the same amount of work. 3. MSM powder helps increase energy. Another MSM benefit is that energy levels increase because MSM helps make the cell walls more permeable.\n\n1. MSM powder benefits our bodies by helping absorb more nutrients (vitamins and minerals). Co-enzyme Q10 locks with MSM, which means that in order for the body to fully utilize this nutrient, it must have MSM(sulfur) with it.\n\n[2] MSM powder helps relieve muscular aches and pains. 7. MSM powder benefits the body by reducing inflammation due to injury or inflammatory diseases such as arthritis. When the water pressure inside a cell is greater than the water pressure on the outside of the cell, there is inflammation and swelling.\n\n[3] . After consistent use for a month potential health benefits include improved digestion and sleep, reduced thyroid issues and PMS symptoms, cure common colds, alleviate headaches or toothaches, and reduce overall risks associated with lung and cardiovascular diseases.\n\n[4] Collodial Minerals: Facts and Myths Colloidal Minerals. You must give your body all the raw materials it requires to maintain and renew itself in order to achieve a healthful life. The raw materials so vital to your health can be challenging to find.']","The benefits of MSM powder include helping to get oxygen into the blood more efficiently, increasing energy levels, aiding in the absorption of nutrients, relieving muscular aches and pains, reducing inflammation, improving digestion and sleep, reducing thyroid issues and PMS symptoms, curing common colds, alleviating headaches or toothaches, and reducing overall risks associated with lung and cardiovascular diseases.",1.0,0.9124585505111802
edit registry on external hard drive,"[""[1] Access registry on another external hard drive. If you need to open a windows registry hive from an old/external/slave hard drive that has a windows installation on it.. browse to the location of the old registry hive. where “x:\\” is the drive of the slave/external hard drive…. “user” is located in x:\\docs and Settings\\user\\NTUSER.DAT. make sure you open upper case “NTUSER.DAT” and not “ntuser.dat” if it exists. other registry hives are located at x:\\windows\\system32\\config.\n\n[2] Instructions. Click the Start button and type regedit into the Search field, then click the Registry Editor program. Click HKEY_LOCAL_MACHINE in the left pane of the Registry Editor window.Click the File menu and choose Load Hive..Browse to the secondary hard drive's windows\\system32\\config directory from the Load Hive dialog box. Click to select the System or Software file (no file suffixes) to open the respective registry hives.Type a temporary name and click Open to open the hive\n\n[3] . Click the File menu and choose Unload Hive when you have finished editing the registry hive on the secondary drive.nstructions. Click the Start button and type regedit into the Search field, then click the Registry Editor program. Click HKEY_LOCAL_MACHINE in the left pane of the Registry Editor window.\n\n[4] . windows usb windows-registry anti-virus. share | improve this question.ut, I cannot scan the registry of that hard drive because that drive is not booted up. The hard drive was a regular XP hard drive install that I removed to scan as an attached drive (with an adapter to make it a USB drive.). windows usb windows-registry anti-virus.""]","To edit the registry on an external hard drive, follow these steps:

1. Connect the external hard drive to your computer.
2. Click the Start button and type ""regedit"" into the Search field, then click the Registry Editor program.
3. In the Registry Editor, click on HKEY_LOCAL_MACHINE in the left pane.
4. Click the File menu and choose ""Load Hive.""
5. Browse to the external hard drive's location, specifically to the `windows\system32\config` directory.
6. Select the System or Software file (without file suffixes) to open the respective registry hives.
7. Type a temporary name for the hive and click Open.
8. After editing, click the File menu and choose ""Unload Hive"" to finish.",1.0,0.8467774361743352
what are 15 different plant-derived materials other than food that you can find in our home,"['[1] Collodial Minerals: Facts and Myths Colloidal Minerals. You must give your body all the raw materials it requires to maintain and renew itself in order to achieve a healthful life. The raw materials so vital to your health can be challenging to find.\n\n[2] Pulses include beans, lentils and peas. They are a cheap, low-fat source of protein, fibre, vitamins and minerals, and they count towards your recommended five daily portions of fruit and vegetables. A pulse is an edible seed that grows in a pod.Pulses include all beans, peas and lentils, such as: 1  baked beans. 2  red, green, yellow and brown lentils.3  chickpeas (chana or garbanzo beans). 4  garden peas. 5  black-eyed peas. 6  runner beans. pulse is an edible seed that grows in a pod\n\n[3] 1 Add raw sesame seeds to any side dish to add crunch and flavor. 2  For instance, you can add to vegetable or bean dishes. 3  Sesame oil is a great option to try to incorporate in your cooking.4  Like almond milk and hemp milk, you can make your own sesame milk. You can also make a light salad dressing out of tahini. 2  Sesame seeds can also be roasted, crushed and then sprinkled over salads. 3  This will give you more variety and flavor than your typical salad\n\n[4] . pulse is an edible seed that grows in a pod. Pulses include all beans, peas and lentils, such as: 1  baked beans. 2  red, green, yellow and brown lentils. 3  chickpeas (chana or garbanzo beans). 4  garden peas.']",I don't know based on the provided context.,0.0,0.0
what are the advantages of a fluid flywheel,"['[1] Advantages of fluid flywheel. An ordinary friction clutch would be damaged by prolonged slipping, with increased fuel consumption. But by prolonged slipping, the fluid flywheel will not suffer any mechanical damage. Although it may become so hot as to burn one’s hand if one touched it. When a liquid coupling is used with a conventional clutch and transmission, it enables the driver to use the clutch and gears with less skill and fatigue than with an all mechanical linkage.\n\n[2] Among them the driving member is connected with the engine flywheel and the driven member is connected to the driven member is connected with the transmission shaft. ž These two members are not made to contact with each other.\n\n[3] IN simple terms the disc at the one end of the torque converter will be connected to the input shaft. The disc at the other end of the torque converter will be connected to the output shaft. In between there will be one more disc. The whole arrangement will be housed in a housing with torque transmitting fluid all around with necessary seals\n\n[4] . When power is given to the input shaft in a particular torque and speed, the output power can be taken out from the output end at the desired torque, with the related speed.']","The advantages of a fluid flywheel include that it will not suffer any mechanical damage from prolonged slipping, unlike an ordinary friction clutch which would be damaged. Additionally, it may allow the driver to use the clutch and gears with less skill and fatigue compared to an all mechanical linkage.",1.0,0.8495337858899124
how to make a paper crown origami,"[""[1] . Repeat Step 6. Origami Crown Step 8: Now we're going to open up the paper and transform it into an origami crown! Pry open the paper from the bottom.Origami Crown Step 9: Flatten the middle from the top and shape your origami crown to your liking!rigami Crown Step 3: Fold both right and left sides to meet the center crease. Origami Crown Step 4: Now fold both the right and left sides on the dotted line shown below. Origami Crown Step 5: Flip paper over and repeat step 4.\n\n[2] Try using a large piece of paper for the origami crown, or even newspaper! Kids love this one, its easy once you know how, and everyone loves to feel like royalty!For a printable .pdf version of the crown instructions, click here. You will need Adobe Reader installed on your computer in order to open the .pdf file.You can get Adobe Reader here. 1. Start with your paper white side up.Fold in half, and open, then fold in half once again, in the other direction\n\n[3] Origami Crown Step 2: Flip paper over. Origami Crown Step 3: Fold both right and left sides to meet the center crease. Origami Crown Step 4: Now fold both the right and left sides on the dotted line shown below. Origami Crown Step 5: Flip paper over and repeat step 4.Origami Crown Step 6: Fold the bottom tip up on the dotted line as shown. Origami Crown Step 7: Flip paper over. Repeat Step 6\n\n[4] . 2.or a printable .pdf version of the crown instructions, click here. You will need Adobe Reader installed on your computer in order to open the .pdf file. You can get Adobe Reader here.""]","1. Start with your paper white side up.
2. Fold the paper in half and then open it, followed by folding it in half again in the other direction.
3. Flip the paper over.
4. Fold both the right and left sides to meet the center crease.
5. Fold both the right and left sides on the dotted line shown.
6. Flip the paper over and repeat the previous step.
7. Fold the bottom tip up on the dotted line as shown.
8. Flip the paper over and repeat the previous step.
9. Open up the paper from the bottom to transform it into an origami crown.
10. Flatten the middle from the top and shape your origami crown to your liking!",1.0,0.8234748753841626
how to plant dwarf apple trees,"[""[1] Step 1. Locate a site for the dwarf apple tree where it will get at least six hours or more of full sun during the day. The soil will need to drain well, as the apple tree will slowly die in soggy soil.Clear away all the weeds, and mark a circle at least 2 feet wider than the root ball of the tree.tep 3. Set your stake into the hole just off center. It will need to be secured at least a foot into the ground, so pound it in with a sledge hammer\n\n[2] These other plantings compete for nutrients, water and sunlight. Semi-dwarf trees need less space than standard apples, but more space than dwarfs. How much space your semi-dwarf apple tree needs depends on the variety and the root stock, but in general, space semi-dwarf apple trees 14 to 20 feet apart.ariety Selection. Most semi-dwarf apple trees aren't self-pollinating. You'll need to plant at least two trees to produce fruit\n\n[3] Choose an apple tree variety known to grow well in your region. Thanks to modern grafting techniques, apple trees come in three sizes: standard, semi-dwarf and dwarf. Semi-dwarf trees grow between 10 and 16 feet tall and bear fruit within four to five years.ariety Selection. Most semi-dwarf apple trees aren't self-pollinating. You'll need to plant at least two trees to produce fruit. Select varieties that bloom at the same time and are known as good pollinators.\n\n[4] . For many dwarf apple trees, this stake will need to remain in place for the life of the tree to help support the weight of the fruit.""]","Step 1. Locate a site for the dwarf apple tree where it will get at least six hours or more of full sun during the day. The soil will need to drain well, as the apple tree will slowly die in soggy soil. Clear away all the weeds, and mark a circle at least 2 feet wider than the root ball of the tree. 

Step 2. Set your stake into the hole just off center. It will need to be secured at least a foot into the ground, so pound it in with a sledge hammer.

For many dwarf apple trees, this stake will need to remain in place for the life of the tree to help support the weight of the fruit.",0.9090909090909091,0.8710570848045859
how do I find out how much sod i need,"[""[1] After you know how much sod you need and how thick it is, ask the manufacturer's representative how he sells the sod pieces. Many sell the sod in rolls, often ranging from 10 to 14 square feet each.Divide your square footage by the roll size, such as 314 square feet divided by 10 -- you need 32 rolls in this example.fter you know how much sod you need and how thick it is, ask the manufacturer's representative how he sells the sod pieces\n\n[2] First: Look at your area that needs sod. In your mind break it up into squares or rectangles. If you cannot break the areas into rectangles in your mind then get some small flags or stakes and mark the area to be sodded by placing your stakes at areas you can define as rectangles or squares.nce you have your total square footage of sod needed you should call us to find out how much it will be for us to sod your property or deliver sod for you to install. Buy your sod now from our\n\n[3] Step 1 - Measure The Area. Use the following methods to figure out how many square feet the area is you want to sod. It is best to run out of sod than to have too much due to its perishable nature.All of our sod is sold by the square foot (sq.ft.) so please measure in feet.tep 1 - Measure The Area. Use the following methods to figure out how many square feet the area is you want to sod. It is best to run out of sod than to have too much due to its perishable nature.\n\n[4] . Many sell the sod in rolls, often ranging from 10 to 14 square feet each.""]","To find out how much sod you need, first measure the area that requires sod and calculate the total square footage. You can break the area into squares or rectangles for easier measurement. Once you have the total square footage, you can determine how many rolls of sod you need by dividing your square footage by the size of the sod rolls, which typically range from 10 to 14 square feet each.",1.0,0.8179622089833077
what exercises tone the chest,"[""[1] The first workout starts with a modified tri-set for the chest, designed to pump your pecs and stretch the connective tissue that surrounds them, thereby allowing more room under your skin for the muscles to grow. The second chest blast is done by pairing pushups with very heavy sets of dumbbell bench presses.\n\n[2] And if you want a fitness plan that not only hits your chest, but builds lean muscle all over, start The Anarchy Workout. The DVD program is 6 weeks' worth of high-intensity interval training that will transform your body.\n\n[3] To do them: 1  Lay on your back with a dumbbell in each hand. 2  Extend your arms out to your side, as if your were forming a cross. 3  Slowly, with your arms still extended, curl your hands together until the dumbbells meet above the center of your chest. 4  Slowly return your arms back to your sides.\n\n[4] . * 3 For smaller dogs, use your thumb and fingers to squeeze the chest to about a 1/4 or 1/3 of its width. 4  Repeat this at a slightly quicker pace than for larger dogs, aiming for 17 compressions in 10 seconds.""]","The exercises that tone the chest include pushups and heavy sets of dumbbell bench presses, as well as the modified tri-set for the chest mentioned in the context.",1.0,0.8974906447384136
how do i eject flash drives,"[""[1] Safely Removing a Flash Drive. When you insert a flash drive into a computer running Windows 7, 8 or 8.1, an icon reading Safely Remove Hardware and Eject Media displays on the system tray. To unplug your flash drive, right-click that icon, and select Eject USB Flash Drive. If it's safe to eject, a notification displays Safe to Remove Hardware\n\n[2] When you do so, you'll see that the Trash icon changes to an Eject icon (same symbol that's on an Eject key). By doing that the drive will be dismounted, and its icon will disappear from the desktop; once that's done you can safely unplug it. The reason to use an Eject command or drag it to the Trash is to make sure the drive has been dismounted before disconnecting it.\n\n[3] . If instead, the utility notifies you that the flash drive is in use, close any files or applications that you are running off the flash drive, and then try again.\n\n[4] There is one more type of device you should never eject and that is a device you have booted an OS from. By “never eject” we mean don’t ever pull the drive out of the system unless the computer is turned off or the entire operating system is loaded into RAM like winPE.""]","To eject flash drives, you can follow these steps:

1. For Windows 7, 8, or 8.1: Right-click the ""Safely Remove Hardware and Eject Media"" icon in the system tray and select ""Eject USB Flash Drive."" If it's safe to eject, a notification will display saying ""Safe to Remove Hardware.""

2. Alternatively, you can drag the flash drive icon to the Trash, which will change to an Eject icon. This will dismount the drive, and once its icon disappears from the desktop, you can safely unplug it.

Make sure to close any files or applications running off the flash drive if you receive a notification that the drive is in use.",1.0,0.7593556820918579
why did the berlin blockade happen,"[""[1] The second reason for the Berlin Blockade was that the USA and the USSR had different Aims for what they wanted to do to Germany. The USSR had already disagreed with Britain and the USA at Potsdam (July 1945) about this.he next day the Russians stopped all road and rail traffic into Berlin. The Americans claimed that Stalin was trying to force the USA out of Berlin, and that the blockade was Russian empire-building in eastern Europe.\n\n[2] (Answer #1). The Berlin Airlift happened in 1949. It was a time when the American and British air forces supplied the city of West Berlin with everything it needed to survive -- everything from food to coal.It all had to be flown in.he reason it happened is that the Russians had cut off access from the Allied zones of occupation in West Germany to West Berlin, which was in the Russian zone (what became East Germany)\n\n[3] The Berlin Airlift occurred after World War 2. When Germany surrendered, the four major countries of the Allies were placed in charge as occupation forces.The four countries were USA, Britain, France and Russia.nswer       The relief provided by air by America, Britain and France to West Berlin when it was blockaded by Stalin's Soviet Union in 1948-49. It lasted for ab … out 11 months until the Soviet Union abandoned the blockade.\n\n[4] . So the Allies had to either surrender West Berlin or they had to supply it by air.""]","The Berlin Blockade happened because the USA and the USSR had different aims for what they wanted to do to Germany, leading to disagreements, particularly highlighted at the Potsdam Conference in July 1945. The USSR's actions, including stopping all road and rail traffic into Berlin, were seen by the Americans as an attempt by Stalin to force the USA out of Berlin and as part of Russian empire-building in Eastern Europe.",1.0,0.7963033352413991
how to cook a duck in the oven,"['[1] 1 Roast duck in preheated oven for 1 hour. 2  Spoon 1/4 cup melted butter over bird, and continue cooking for 45 more minutes. 3  Spoon remaining 1/4 cup melted butter over duck, and cook for 15 more minutes, or until golden brown. Rub salt, pepper, and paprika into the skin of the duck. 2  Place in a roasting pan. 3  Roast duck in preheated oven for 1 hour. 4  Spoon 1/4 cup melted butter over bird, and continue cooking for 45 more minutes.\n\n[2] . Slice each duck breast, on the bias, into 1/2-inch pieces.irections. Preheat the oven to 400 degrees F. Season the entire duck breast with Essence. In a large saute pan, over medium heat, add the olive oil. When the oil is hot, add the duck breast, skin side down. Sear for 6 minutes. Flip the duck breast over and place the pan in the oven.\n\n[3] Directions. Preheat the oven to 400 degrees F. Season the entire duck breast with Essence. In a large saute pan, over medium heat, add the olive oil. When the oil is hot, add the duck breast, skin side down. Sear for 6 minutes. Flip the duck breast over and place the pan in the oven.Roast the breasts for 8 to 10 minutes for medium rare. Remove the pan from the oven and allow the duck breasts to rest 2 to 3 minutes before slicing\n\n[4] Heat a cast iron skillet or other oven-safe skillet over medium heat. Place the duck legs in the pan with the skin sides down. Sprinkle the legs with salt and pepper and allow them to cook until the skin is brown, about 3 minutes.. Remove the roasting pan from the oven and test to make sure the duck is finished cooking. 1  Insert a cooking thermometer into the thickest portion of the duck meat, either the breast or thigh. 2  Be sure the thermometer is not touching any bones.']","To cook a duck in the oven, follow these steps:

1. Preheat the oven to 400 degrees F.
2. Rub salt, pepper, and paprika into the skin of the duck.
3. Place the duck in a roasting pan.
4. Roast the duck in the preheated oven for 1 hour.
5. Spoon 1/4 cup melted butter over the duck and continue cooking for 45 more minutes.
6. Spoon the remaining 1/4 cup melted butter over the duck and cook for an additional 15 minutes, or until golden brown. 

Make sure to check that the duck is finished cooking by inserting a cooking thermometer into the thickest portion of the meat.",1.0,0.8716678649691169
how much protein should you have a day,"['[1] You need protein for your muscles, bones, and the rest of your body. Exactly how much you need changes with age: 1  Babies need about 10 grams a day. 2  School-age kids need 19-34 grams a day.3  Teenage boys need up to 52 grams a day. 4  Teenage girls need 46 grams a day. 5  Adult men need about 56 grams a day.6  Adult women need about 46 grams a day (71 grams, if pregnant or breastfeeding).xactly how much you need changes with age: 1  Babies need about 10 grams a day\n\n[2] To determine your RDA for protein, you can multiply your weight in pounds by 0.36, or use this online protein calculator. For a 50-year-old woman who weighs 140 pounds woman and who is sedentary (doesn’t exercise), that translates into 53 grams of protein a day.he Recommended Dietary Allowance (RDA) for protein is a modest 0.8 grams of protein per kilogram of body weight. The RDA is the amount of a nutrient you need to meet your basic nutritional requirements.\n\n[3] . 2  School-age kids need 19-34 grams a day. 3  Teenage boys need up to 52 grams a day.\n\n[4] Moderately active women between the ages of 19 and 30 should try to eat 2,000 to 2,200 calories per day. As carbohydrates should account for 900 to 1,430 of these calories, you should eat 225 to 357.5 grams of carbs each day.If you are between the ages of 31 and 50, these values decrease to 2,000 calories and between 225 and 325 grams of carbs every day.s carbohydrates should account for 900 to 1,430 of these calories, you should eat 225 to 357.5 grams of carbs each day']",I don't know based on the provided context.,0.0,0.0
how to bake hard boiled egg,"[""[1] There are two main problems when it comes to hard-boiled eggs: green-gray yolks and shells that just won’t peel off. Make hard-boiled eggs headache-free by following this easy method. First, place the cold eggs in a single layer in a pan with enough cold water to cover them by about 1 inch. Then, place the pan on the stove over high heat. Shutterstock. As soon as the water comes to a boil turn the heat off, cover the pan, and remove it from the heat\n\n[2] 1 If you're not particular about how pretty your peeled eggs are, you can skip the refrigerator and start peeling them right after chilling them. 2  To test whether an egg is hard-boiled without breaking it, whirl it on a table. 3  If it spins fast and easy, it is hard boiled. 4  If it wobbles, it needs more time.\n\n[3] Directions. Prep. Cook. Ready In. 1  Place eggs into a saucepan and pour in cold water to cover; place over high heat. 2  When the water just starts to simmer, turn off heat, cover pan with a lid, and let stand for 17 minutes. 3  Don't peek. 4  Pour out the hot water and pour cold water over eggs.\n\n[4] Instructions. Bring a large pot of water to a boil. Crack an egg and gently slide the egg into your silicone poaching pod, being careful not to break the egg's yolk.Carefully float the poaching pod in the boiling water, making sure the pod stays upright and no water gets into the pod.Cover the pot with the lid and let the egg cook for six minutes""]",I don't know based on the provided context.,0.5,0.0
everything about how to set goals,"[""[1] Setting Achievable Goals. 1  1. Determine your life goals. 2  2. Break the big picture down into smaller and more specific goals. 3  3. Write goals for the short term.  4. Make your goals smaller steps that move you towards larger life 1  goals. 5. Adjust your goals periodically.\n\n[2] Setting Achievable Goals. 1  1. Determine your life goals. Ask yourself some important questions about what you want for your life. 2  2. Break the big picture down into smaller and more specific goals. Consider areas of your life that you either want to change or that you feel you would like to develop with time. 3  3. Write goals for the short term.\n\n[3] Personal Success 80/20 Rule. The 80/20 rule is one of the most helpful concepts for life and time management. According to this principle: 20 percent of your activities will account for 80 percent of your results. It can change the way you set goals forever.\n\n[4] Write down your diet and workout goals to come face to face with the hard work you've put forth. It'll feel really, really satisfying. 1  Your daily weight can fluctuate due to water retention. 2  Instead of basing your progress on daily weigh-ins, pick a set day and time each week to log your weight.unning 3 miles (4.8 km) a day to stay in shape and lose weight is a great idea. It will be effective and get the job done. Until you get bored out of your mind and stop""]","1. Determine your life goals by asking yourself important questions about what you want for your life.
2. Break the big picture down into smaller and more specific goals, considering areas of your life that you want to change or develop.
3. Write goals for the short term.
4. Make your goals smaller steps that move you towards larger life goals.
5. Adjust your goals periodically.
6. Consider the 80/20 rule, which states that 20 percent of your activities will account for 80 percent of your results, to change the way you set goals.",1.0,0.6228624924610832
what does clutch mean in golf,"['[1] Clutch putt is simply a term that is frequently used for a putt which a player must make, especially where there is a lot of pressure on them, for an average golfer it may simply be a 6 foot par putt, for a professional it could be a 10 footer to win a tournament or get into a play off.\n\n[2] Confidence votes 25.0K. Clutch putt is simply a term that is frequently used for a putt which a player must make, especially where there is a lot of pressure on them, for an average golfer it may simply be a 6 foot par putt, for a professional it could be a 10 footer to win a tournament or get into a play off.\n\n[3] This leads to the biggest problem with the idea of clutch, that it is a self-fulfilling prophecy to athletes. This is when something only happens because you believe it will. If an athlete hears enough times that he will fail when the game is on the line, he will start believing it himself and will soon fail.\n\n[4] Advantages of fluid flywheel. An ordinary friction clutch would be damaged by prolonged slipping, with increased fuel consumption. But by prolonged slipping, the fluid flywheel will not suffer any mechanical damage. Although it may become so hot as to burn one’s hand if one touched it. When a liquid coupling is used with a conventional clutch and transmission, it enables the driver to use the clutch and gears with less skill and fatigue than with an all mechanical linkage.']","In golf, a ""clutch putt"" refers to a putt that a player must make under pressure, such as a 6-foot par putt for an average golfer or a 10-footer for a professional to win a tournament or get into a playoff.",1.0,0.7589162529029015
what is the difference between tartate and succinate,"[""[1] Tartrate vs Succinate. The key difference between tartrate and succinate is that succinate is derived from the succinic acid and tartrate is derived from the tartaric acid. These two chemical substances are widely used in the beverage industry and drug manufacturing.Succinic acid is ethan-1,2-dicarboxylic acid. Succinate form of metoprolol is an extended release drug and it plays its role in the circulatory system for 24 hours\n\n[2] Release time. The primary difference between metoprolol succinate and metoprolol tartrate is the length of time that the drugs stay in your bloodstream. Metoprolol succinate will stay in a person's bloodstream for 24 complete hours. This means that the medication is a once per day pill.Metoprolol tartrate, on the other hand, will not stay in the bloodstream as long and thus needs to be taken at regular intervals.etoprolol succinate has a greater dehydrating effect\n\n[3] 9. Get help from a doctor now ›. Medication duration: Succinate (toprol) is the long acting form of metoprolol where as tartrate (lopressor) is the shorter acting form. Toprol can be taken once a day and Lopressor is usually taken at least twice a day....Read more.Great you're all set!. Get help from a doctor now ›. Medication duration: Succinate (toprol) is the long acting form of metoprolol where as tartrate (lopressor) is the shorter acting form\n\n[4] Sherbet: Fruit and Cream. Sherbet is sorbet's creamier cousin. A little cream, milk, egg whites, gelatin, or even buttermilk is added to a sorbet mixture, and the result is a frozen dessert that's richer than sorbet but still lighter than ice cream. It's Sherbet, Not Sherbert. Let's get something straight here.""]","The key difference between tartrate and succinate is that succinate is derived from succinic acid, while tartrate is derived from tartaric acid.",1.0,0.8430476668422187
effects air pollution on our animals,"[""[1] Air pollution is particularly dangerous to animals when in form of the acid rain. Acid rains kills fish in lakes and streams by increasing the acidity of water. Other forms of air pollution such as ozone are also harmful to animals, for instance ozone pollution can cause serious damage to lung tissues of many animals. Water pollution has extremely negative impact on many animals.\n\n[2] Impacts of Air Pollution & Acid Rain on Wildlife. Introduction. Animals are exposed to air pollutants via three pathways: 1) inhalation of gases or small particles; 2) ingestion of particles suspended in food or water; or 3) absorption of gases through the skin.\n\n[3] Impacts of Air Pollution & Acid Rain on Wildlife. Animals are exposed to air pollutants via three pathways: 1) inhalation of gases or small particles; 2) ingestion of particles suspended in food or water; or 3) absorption of gases through the skin. In general, only soft-bodied invertebrates (e.g. earthworms), or animals with thin, moist skin (e.g. amphibians) are affected by the absorption of pollutants\n\n[4] . An individual's response to a pollutant varies greatly and depends on the type of pollutant involved, the duration and time of exposure, and the amount taken up by the animal.""]","Air pollution has several harmful effects on animals. It can lead to acid rain, which increases the acidity of water and kills fish in lakes and streams. Ozone pollution can cause serious damage to the lung tissues of many animals. Animals are exposed to air pollutants through inhalation, ingestion, or absorption through the skin. The impact of these pollutants varies based on the type of pollutant, duration of exposure, and the amount absorbed by the animal. Soft-bodied invertebrates and animals with thin, moist skin are particularly affected by the absorption of pollutants.",1.0,0.7881307363550091
restylane fillers side effects,"['[1] Restylane Defyne; Synthetic Wrinkle Fillers. This smaller category of wrinkle fillers includes lab-made substances that are not related to anything found naturally in the skin. All the fillers in this group have similar side effects, such as redness, swelling, or bruising at the site of the injection. Other side effects include nodules or bumps under the skin that can be seen and felt and that, in rare instances, may require surgery to remove.\n\n[2] You should not use products within the Restylane family if: 1  You have severe allergies with a history of severe reactions (anaphylaxis) 2  You are allergic to lidocaine or to any of the gram-positive bacterial proteins used to make hyaluronic acid. 3  You are prone to bleeding or have been diagnosed with a bleeding disorder.\n\n[3] Natural-looking volume. and definition for your cheeks. Restylane® Lyft is approved by the FDA for cheek augmentation. and the correction of age-related midface contour deficiencies in. patients over the age of 21. This is in addition to treating. moderate to severe facial wrinkles and folds, such as nasolabial folds. (smile lines).\n\n[4] . This could cause serious side effects including kidney problems.']","Restylane fillers can cause side effects such as redness, swelling, or bruising at the site of the injection. Other side effects include nodules or bumps under the skin that can be seen and felt and that, in rare instances, may require surgery to remove.",1.0,0.8425551048554273
what traits do people have that are born in october?,"['[1] Born Today: Personality Profiles. What follows are general characteristics for people born on a date in any birth year, based on Astrology, Numerology, and Cartomancy. If You Were Born Today, October 1: You are a success-oriented, charming, and personally powerful individual. You are at your best when you are in control, your own boss, or working on your own. However, you get along with others and have the necessary “people skills” to do so, although occasionally your impatience comes through!\n\n[2] If You Were Born Today, October 14: You have a great interest in, and eye for, form and structure. You would make a good architect, interior decorator, designer, or any profession that combines art and structure.\n\n[3] Famous people born today: Charlton Heston, Jackie Collins, Anne Rice, Susan Sarandon, Alicia Silverstone, Rachael Leigh Cook, Buster Keaton. If You Were Born Today, October 5: Although restless at heart, you are a person who craves stability and security. This is why you work so hard at whatever you do.\n\n[4] From the ability to communicate effectively to the willingness to wear multiple hats around the office, employers today seek workers with a variety of the skills. From the ability to communicate effectively to the willingness to wear multiple hats around the office, employers today seek workers with a variety of the skills.']",I don't know based on the provided context.,0.0,0.0
how to make cooked fresh beets from the garden,"['[1] Fresh tops mean fresh beets. Preheat oven to 350 degrees F. Place rack in middle of oven. Wash and scrub the whole beets to clean off any dirt. Leave the beet whole unless you have some extra large ones (if extra large, cut in half). Trim off the stems (leafy tops) and ends of the beets. Reserve the beet leaves for a recipe using them. Beet Greens - How To Cook Fresh Beet Greens.\n\n[2] To boil beets, submerge them in boiling water until they are tender. You can cut the beets first or leave them whole to boil. In order to steam beets, cut them into 1/2-inch pieces and place them in a steamer basket with 2 inches of boiling water and cover. Cook them until they are tender. For sautéed beets, slice or dice beets and sauté in a pan with oil until beets are tender. Season to taste.\n\n[3] Beet Varieties. The most common garden beet is a deep ruby red in color, but yellow, white, and even candy-striped (with red and white concentric circles) are available in specialty markets. Sugar beets are used to make table sugar. The leaves of the beet plant are also edible.\n\n[4] Fresh young chard can be used raw in salads. Mature chard leaves and stalks are typically cooked (like in pizzoccheri) or sauteed; their bitterness fades with cooking, leaving a refined flavor which is more delicate than that of cooked spinach.hard is in the same subspecies as beetroot (garden beet) and all other beet cultivars. They are cultivated descendants of the sea beet, Beta vulgaris subsp. maritima.']","To make cooked fresh beets from the garden, you can follow these steps:

1. Preheat your oven to 350 degrees F if you plan to roast them.
2. Wash and scrub the whole beets to clean off any dirt. Leave them whole unless they are extra large, in which case you should cut them in half.
3. Trim off the stems (leafy tops) and ends of the beets. Reserve the beet leaves for another recipe.
4. If you prefer to boil them, submerge the beets in boiling water until they are tender. You can leave them whole or cut them first.
5. For steaming, cut the beets into 1/2-inch pieces, place them in a steamer basket with 2 inches of boiling water, cover, and cook until tender.
6. For sautéing, slice or dice the beets and sauté them in a pan with oil until they are tender. Season to taste.

Choose the cooking method that you prefer!",1.0,0.8842687415363137
drywall vs ceiling tile cost,"['[1] . When deciding between dropped ceiling tiles vs drywall ceilings for your basement ceiling, it is important that you consider the height of your unfinished basement.The one key downside of installing dropped ceiling tiles is that your basement ceiling will be lower, compared to installing a drywall ceiling.You will need 3-4 inches of space between your main floor floor-joists and your dropped ceiling tiles.asement Ceiling and Dropped Ceiling Tile Disadvantages\n\n[2] Basement Ceiling and Dropped Ceiling Tile Disadvantages\n\n[3] . When deciding between dropped ceiling tiles vs drywall ceilings for your basement ceiling, it is important that you consider the height of your unfinished basement.\n\n[4] Andrew says. Jason, Take a look a Ceiling Link, it’s a PVC based “drop ceiling” system that only costs you about 1″ of space, only twice the space of drywall. A 1000 SQ Ft basement (assuming 20X50) would run you $707 in ceiling link parts, $40 in screws and $700 to 900 in panels (2′ X 4′).rywall for the basement ceiling, .5 inch. Carpet and padding maybe .75 of an inch. Otherwise there are no framing elements on the ceiling or the floor']",I don't know based on the provided context.,0.0,0.0
"how to grill pork chops, allrecipes.com","['[1] 1 Preheat an outdoor grill for medium heat, and lightly oil the grate.  In a bowl, mix together the seasoned salt, black pepper, garlic powder, onion powder, paprika, Worcestershire sauce, and smoke flavoring until thoroughly combined. Rinse pork chops, and sprinkle the wet chops on both sides with the spice mixture.\n\n[2] 1 Rinse pork chops, and sprinkle the wet chops on both sides with the spice mixture. With your hands, massage the spice rub into the meat; allow to stand for 10 minutes.  Grill the chops over indirect heat until no longer pink inside, about 12 minutes per side.\n\n[3] 3) Oven-Fried Pork Chops. The secret ingredient in this top-rated recipe is stuffing mix for the breading! The pork chops come out tender and juicy. Perfect for a busy weeknight, these tasty chops are ready in just 30 minutes. It takes just 10 minutes to prep.\n\n[4] 1 Heat gas or charcoal grill. In small bowl, combine honey, soy sauce and garlic; blend well with wire whisk. Set aside. Brush chicken thighs with oil; sprinkle with salt and pepper. 2 When grill is heated, place chicken on gas grill over medium heat or on charcoal grill 4 to 6 inches from medium coals. Cook covered 8 to 12 minutes or until juice is clear when center of thickest part is cut (180°F), turning once and brushing with honey mixture during last 2 minutes of cooking time']","To grill pork chops, preheat an outdoor grill for medium heat and lightly oil the grate. Rinse the pork chops and sprinkle both sides with a spice mixture made of seasoned salt, black pepper, garlic powder, onion powder, paprika, Worcestershire sauce, and smoke flavoring. Massage the spice rub into the meat and let it stand for 10 minutes. Grill the chops over indirect heat until no longer pink inside, which takes about 12 minutes per side.",1.0,0.8328033083407086
how to train yourself to eat less,"[""[1] Here are some sneaky tips: 1  Buy smaller plates - your mind is conditioned to expect a plate full of food. 2  Go individual - if you fancy crisps, buy an individual bag. 3  Eat slowly - this gives your brain and stomach time to recognise when you are full. Chew each mouthful 20 times. Put your cutlery down while you chew and then pick it up again for the next mouthful. Drink water before meals - 20 minutes or so before you eat, drink a pint glass of water, as cold as possible.\n\n[2] Buy smaller plates - your mind is conditioned to expect a plate full of food. So buy smaller plates and fill them with food, and you'll be reducing the calories you eat by 25% or even 50%! Go individual - if you fancy crisps, buy an individual bag. If you want pudding, buy a one-person not a family size.\n\n[3] But at the end of the day, the best way to train yourself to just know when your body's had enough food is to really pay attention when you're eating. That means no having dinner in front of the latest episode of Scandal—and you definitely shouldn't be munching away in front of your computer screen.\n\n[4] Reassess your diet plan. As you diet and lose weight, your body gets used to your new habits and needs fewer calories with each pound you lose. You'll notice that that 1700-calorie diet you're on just isn't giving you the results you once had.unning 3 miles (4.8 km) a day to stay in shape and lose weight is a great idea. It will be effective and get the job done. Until you get bored out of your mind and stop. Do yourself a favor and switch up your routine""]","To train yourself to eat less, pay attention while eating, avoid distractions like watching TV or using a computer, and consider using smaller plates to reduce portion sizes. Eating slowly and drinking water before meals can also help you recognize when you are full.",1.0,0.8670108332605602
how to cook a tenderloin steak in the oven,"['[1] Place meat on grill rack over heat. Cover the grill.) Remove steaks from grill; cover and let stand for 5 minutes. For more tenderloin steak recipes, see: Grilled Steak and Peppers Grilled Beef Fillet with Portobello Relish Beef Tenderloins with Wine Sauce Try filet mignon! Our best filet mignon cooking tips.tep 2: Roast or grill the tenderloin. Roast: Browning the tenderloin first is optional, but it does caramelize the outside and lock in the juices\n\n[2] Start with beef tenderloin steaks cut 3/4 inch to 1 inch thick (1 inch for grilling). Trim fat from steaks. Season as desired. Timings below are based on meat removed directly from the refrigerator.tep 2: Roast or grill the tenderloin. Roast: Browning the tenderloin first is optional, but it does caramelize the outside and lock in the juices. In a large skillet heat olive oil over medium-high heat.\n\n[3] 1 Let the steak sear for 1 minute. 2  Place the entire pan in the oven for about 5 minutes. 3  Poke the fleshy lump at the base of your palm, where it intersects with your thumb. Remove the steaks from the pan and place to the side, in a warm location, on a plate. 2  They will continue to (carryover) cook, on their own. 3  This should bring them up to a nice medium-rare, while also allowing the muscle to relax, again, and the juices to settle within the meat.\n\n[4] Heat the tablespoon of oil in the skillet until it just begins to smoke. Add the pork sirloin roast and brown it on all sides. Place it in the baking dish. Roast the pork in the oven for approximately 50 to 70 minutes, turning the pork over in the pan after about 35 minutes of the cooking time has elapsed.Remove the roast from the oven when the instant-read meat thermometer registers between 145 and 150 degrees in the thickest portion of the meat.ips']",I don't know based on the provided context.,0.0,-0.0
how to plan a surprise wedding,"[""[1] A lot of friends and family will make a sacrifices to attend someone they love's wedding that they wouldn't for any other life event. So even if you're planning a surprise wedding under the pretext of another big party they might not choose to come even though they wouldn't think of not being there on your wedding day.\n\n[2] Set a date. Decide together on when you want the event to take place. You can hold it right after you get marriage license or after your engagement party (if you will have one). Choose your Venue. The wedding can take place anywhere from your own backyard to a function room of a hotel, a fancy restaurant, or a beach. The important thing is that the number of guests you plan to invite should fit in your location. Plus, it should not look too obvious like a wedding is about to take place\n\n[3] A big thankyou to Amy for sharing her tips & tricks for a surprise wedding! As I know you all adore details, here’s a full rundown of the suppliers Amy and Mark used. – Amy wore her mother’s wedding gown with a floral fascinator from Alannah Hill. – Julie Dammery of Beautique Creative styled Amy’s hair & makeup.\n\n[4] . Prepare your guest list.""]","To plan a surprise wedding, follow these steps:

1. Set a date: Decide together when you want the event to take place, which can be right after obtaining your marriage license or after an engagement party.
2. Choose your venue: Select a location that can accommodate your guest list, such as your backyard, a hotel function room, a fancy restaurant, or a beach. Ensure it doesn't look too obvious that a wedding is about to take place.
3. Prepare your guest list: Make a list of the people you want to invite to the surprise wedding.
4. Consider the sacrifices friends and family may make to attend, as they might not choose to come if they think it's just another party.

Additionally, you may want to gather tips and tricks from others who have successfully planned surprise weddings.",1.0,0.8858579716374645
